{"num_features": ["battery_pct", "screen_on_hours", "brightness", "temperature_C", "capacity_health", "location_lat", "location_lon"], "num_mins": [-0.11293562695532205, -0.0006883606220701592, -0.0005105427077052176, -1.0012681176749785, -4.004720182580936, -46.08437888097903, -106.54203213568428], "num_scales": [0.011134469472473103, 0.08343674268246047, 1.0016265546276952, 0.0500525076206247, 5.005317789504354, 1.6307322839969907, 1.3858932367562573], "cat_features": ["app_active", "network_active", "fast_charge", "is_weekend"], "cat_categories": [["Chrome", "Spotify", "YouTube", "WhatsApp"], [1, 0], [1, 0], [0, 1]]}